valid_time,source,ghi,fetched_at
2026-08-06 15:00:00,analysis,866.0,2026-09-14T15:08:27
2026-08-06 15:00:00,era5,791.0,2026-09-14T14:28:17
2026-08-06 16:00:00,analysis,760.0,2026-09-14T15:08:27
2026-08-06 16:00:00,era5,653.0,2026-09-14T14:28:17
2026-08-06 17:00:00,analysis,575.0,2026-09-14T15:08:27
2026-08-06 17:00:00,era5,508.0,2026-09-14T14:28:17
2026-08-07 09:00:00,analysis,256.0,2026-09-14T15:08:27
2026-08-07 09:00:00,era5,151.0,2026-09-14T14:28:17
2026-08-07 10:00:00,analysis,447.0,2026-09-14T15:08:27
2026-08-07 10:00:00,era5,342.0,2026-09-14T14:28:17
2026-08-07 11:00:00,analysis,678.0,2026-09-14T15:08:27
2026-08-07 11:00:00,era5,483.0,2026-09-14T14:28:17
2026-08-07 12:00:00,analysis,839.0,2026-09-14T15:08:27
2026-08-07 12:00:00,era5,748.0,2026-09-14T14:28:17
2026-08-07 13:00:00,analysis,935.0,2026-09-14T15:08:27
2026-08-07 13:00:00,era5,868.0,2026-09-14T14:28:17
2026-08-07 14:00:00,analysis,950.0,2026-09-14T15:08:27
2026-08-07 14:00:00,era5,907.0,2026-09-14T14:28:17
2026-08-07 15:00:00,analysis,889.0,2026-09-14T15:08:27
2026-08-07 15:00:00,era5,842.0,2026-09-14T14:28:17
2026-08-07 16:00:00,analysis,737.0,2026-09-14T15:08:27
2026-08-07 16:00:00,era5,713.0,2026-09-14T14:28:17
2026-08-07 17:00:00,analysis,549.0,2026-09-14T15:08:27
2026-08-07 17:00:00,era5,529.0,2026-09-14T14:28:17
2026-08-08 09:00:00,analysis,193.0,2026-09-14T15:08:27
2026-08-08 09:00:00,era5,185.0,2026-09-14T14:28:17
2026-08-08 10:00:00,analysis,286.0,2026-09-14T15:08:27
2026-08-08 10:00:00,era5,400.0,2026-09-14T14:28:17
2026-08-08 11:00:00,analysis,374.0,2026-09-14T15:08:27
2026-08-08 11:00:00,era5,611.0,2026-09-14T14:28:17
2026-08-08 12:00:00,analysis,811.0,2026-09-14T15:08:27
2026-08-08 12:00:00,era5,794.0,2026-09-14T14:28:17
2026-08-08 13:00:00,analysis,938.0,2026-09-14T15:08:27
2026-08-08 13:00:00,era5,873.0,2026-09-14T14:28:17
2026-08-08 14:00:00,analysis,950.0,2026-09-14T15:08:27
2026-08-08 14:00:00,era5,857.0,2026-09-14T14:28:17
2026-08-08 15:00:00,analysis,832.0,2026-09-14T15:08:27
2026-08-08 15:00:00,era5,777.0,2026-09-14T14:28:17
2026-08-08 16:00:00,analysis,724.0,2026-09-14T15:08:27
2026-08-08 16:00:00,era5,669.0,2026-09-14T14:28:17
2026-08-08 17:00:00,analysis,497.0,2026-09-14T15:08:27
2026-08-08 17:00:00,era5,506.0,2026-09-14T14:28:17
2026-08-09 09:00:00,analysis,205.0,2026-09-14T15:08:27
2026-08-09 09:00:00,era5,200.0,2026-09-14T14:28:17
2026-08-09 10:00:00,analysis,425.0,2026-09-14T15:08:27
2026-08-09 10:00:00,era5,436.0,2026-09-14T14:28:17
2026-08-09 11:00:00,analysis,698.0,2026-09-14T15:08:27
2026-08-09 11:00:00,era5,654.0,2026-09-14T14:28:17
2026-08-09 12:00:00,analysis,829.0,2026-09-14T15:08:27
2026-08-09 12:00:00,era5,768.0,2026-09-14T14:28:17
2026-08-09 13:00:00,analysis,943.0,2026-09-14T15:08:27
2026-08-09 13:00:00,era5,798.0,2026-09-14T14:28:17
2026-08-09 14:00:00,analysis,962.0,2026-09-14T15:08:27
2026-08-09 14:00:00,era5,829.0,2026-09-14T14:28:17
2026-08-09 15:00:00,analysis,903.0,2026-09-14T15:08:27
2026-08-09 15:00:00,era5,804.0,2026-09-14T14:28:17
2026-08-09 16:00:00,analysis,706.0,2026-09-14T15:08:27
2026-08-09 16:00:00,era5,696.0,2026-09-14T14:28:17
2026-08-09 17:00:00,analysis,526.0,2026-09-14T15:08:27
2026-08-09 17:00:00,era5,511.0,2026-09-14T14:28:17
2026-08-10 09:00:00,analysis,210.0,2026-09-14T15:08:27
2026-08-10 09:00:00,era5,171.0,2026-09-14T14:28:17
2026-08-10 10:00:00,analysis,405.0,2026-09-14T15:08:27
2026-08-10 10:00:00,era5,336.0,2026-09-14T14:28:17
2026-08-10 11:00:00,analysis,593.0,2026-09-14T15:08:27
2026-08-10 11:00:00,era5,578.0,2026-09-14T14:28:17
2026-08-10 12:00:00,analysis,759.0,2026-09-14T15:08:27
2026-08-10 12:00:00,era5,755.0,2026-09-14T14:28:17
2026-08-10 13:00:00,analysis,812.0,2026-09-14T15:08:27
2026-08-10 13:00:00,era5,753.0,2026-09-14T14:28:17
2026-08-10 14:00:00,analysis,841.0,2026-09-14T15:08:27
2026-08-10 14:00:00,era5,736.0,2026-09-14T14:28:17
2026-08-10 15:00:00,analysis,747.0,2026-09-14T15:08:27
2026-08-10 15:00:00,era5,766.0,2026-09-14T14:28:17
2026-08-10 16:00:00,analysis,659.0,2026-09-14T15:08:27
2026-08-10 16:00:00,era5,573.0,2026-09-14T14:28:17
2026-08-10 17:00:00,analysis,466.0,2026-09-14T15:08:27
2026-08-10 17:00:00,era5,391.0,2026-09-14T14:28:17
2026-08-11 09:00:00,analysis,148.0,2026-09-14T15:08:27
2026-08-11 09:00:00,era5,184.0,2026-09-14T14:28:17
2026-08-11 10:00:00,analysis,384.0,2026-09-14T15:08:27
2026-08-11 10:00:00,era5,347.0,2026-09-14T14:28:17
2026-08-11 11:00:00,analysis,601.0,2026-09-14T15:08:27
2026-08-11 11:00:00,era5,581.0,2026-09-14T14:28:17
2026-08-11 12:00:00,analysis,615.0,2026-09-14T15:08:27
2026-08-11 12:00:00,era5,728.0,2026-09-14T14:28:17
2026-08-11 13:00:00,analysis,822.0,2026-09-14T15:08:27
2026-08-11 13:00:00,era5,848.0,2026-09-14T14:28:17
2026-08-11 14:00:00,analysis,888.0,2026-09-14T15:08:27
2026-08-11 14:00:00,era5,818.0,2026-09-14T14:28:17
2026-08-11 15:00:00,analysis,862.0,2026-09-14T15:08:27
2026-08-11 15:00:00,era5,775.0,2026-09-14T14:28:17
2026-08-11 16:00:00,analysis,743.0,2026-09-14T15:08:27
2026-08-11 16:00:00,era5,691.0,2026-09-14T14:28:17
2026-08-11 17:00:00,analysis,476.0,2026-09-14T15:08:27
2026-08-11 17:00:00,era5,469.0,2026-09-14T14:28:17
2026-08-12 09:00:00,analysis,214.0,2026-09-14T15:08:27
2026-08-12 09:00:00,era5,239.0,2026-09-14T14:28:17
2026-08-12 10:00:00,analysis,419.0,2026-09-14T15:08:27
2026-08-12 10:00:00,era5,467.0,2026-09-14T14:28:17
2026-08-12 11:00:00,analysis,627.0,2026-09-14T15:08:27
2026-08-12 11:00:00,era5,649.0,2026-09-14T14:28:17
2026-08-12 12:00:00,analysis,827.0,2026-09-14T15:08:27
2026-08-12 12:00:00,era5,792.0,2026-09-14T14:28:17
2026-08-12 13:00:00,analysis,841.0,2026-09-14T15:08:27
2026-08-12 13:00:00,era5,863.0,2026-09-14T14:28:17
2026-08-12 14:00:00,analysis,867.0,2026-09-14T15:08:27
2026-08-12 14:00:00,era5,828.0,2026-09-14T14:28:17
2026-08-12 15:00:00,analysis,769.0,2026-09-14T15:08:27
2026-08-12 15:00:00,era5,768.0,2026-09-14T14:28:17
2026-08-12 16:00:00,analysis,571.0,2026-09-14T15:08:27
2026-08-12 16:00:00,era5,638.0,2026-09-14T14:28:17
2026-08-12 17:00:00,analysis,372.0,2026-09-14T15:08:27
2026-08-12 17:00:00,era5,452.0,2026-09-14T14:28:17
2026-08-13 09:00:00,analysis,146.0,2026-09-14T15:08:27
2026-08-13 09:00:00,era5,158.0,2026-09-14T14:28:17
2026-08-13 10:00:00,analysis,286.0,2026-09-14T15:08:27
2026-08-13 10:00:00,era5,362.0,2026-09-14T14:28:17
2026-08-13 11:00:00,analysis,415.0,2026-09-14T15:08:27
2026-08-13 11:00:00,era5,580.0,2026-09-14T14:28:17
2026-08-13 12:00:00,analysis,558.0,2026-09-14T15:08:27
2026-08-13 12:00:00,era5,680.0,2026-09-14T14:28:17
2026-08-13 13:00:00,analysis,696.0,2026-09-14T15:08:27
2026-08-13 13:00:00,era5,739.0,2026-09-14T14:28:17
2026-08-13 14:00:00,analysis,657.0,2026-09-14T15:08:27
2026-08-13 14:00:00,era5,693.0,2026-09-14T14:28:17
2026-08-13 15:00:00,analysis,499.0,2026-09-14T15:08:27
2026-08-13 15:00:00,era5,695.0,2026-09-14T14:28:17
2026-08-13 16:00:00,analysis,458.0,2026-09-14T15:08:27
2026-08-13 16:00:00,era5,567.0,2026-09-14T14:28:17
2026-08-13 17:00:00,analysis,352.0,2026-09-14T15:08:27
2026-08-13 17:00:00,era5,410.0,2026-09-14T14:28:17
2026-08-14 09:00:00,analysis,240.0,2026-09-14T15:08:27
2026-08-14 09:00:00,era5,191.0,2026-09-14T14:28:17
2026-08-14 10:00:00,analysis,491.0,2026-09-14T15:08:27
2026-08-14 10:00:00,era5,383.0,2026-09-14T14:28:17
2026-08-14 11:00:00,analysis,675.0,2026-09-14T15:08:27
2026-08-14 11:00:00,era5,612.0,2026-09-14T14:28:17
2026-08-14 12:00:00,analysis,801.0,2026-09-14T15:08:27
2026-08-14 12:00:00,era5,740.0,2026-09-14T14:28:17
2026-08-14 13:00:00,analysis,793.0,2026-09-14T15:08:27
2026-08-14 13:00:00,era5,866.0,2026-09-14T14:28:17
2026-08-14 14:00:00,analysis,465.0,2026-09-14T15:08:27
2026-08-14 14:00:00,era5,894.0,2026-09-14T14:28:17
2026-08-14 15:00:00,analysis,893.0,2026-09-14T15:08:27
2026-08-14 15:00:00,era5,836.0,2026-09-14T14:28:17
2026-08-14 16:00:00,analysis,761.0,2026-09-14T15:08:27
2026-08-14 16:00:00,era5,694.0,2026-09-14T14:28:17
2026-08-15 09:00:00,analysis,274.0,2026-09-14T15:08:27
2026-08-15 09:00:00,era5,226.0,2026-09-14T14:28:17
2026-08-15 10:00:00,analysis,508.0,2026-09-14T15:08:27
2026-08-15 10:00:00,era5,403.0,2026-09-14T14:28:17
2026-08-15 11:00:00,analysis,713.0,2026-09-14T15:08:27
2026-08-15 11:00:00,era5,594.0,2026-09-14T14:28:17
2026-08-15 12:00:00,analysis,864.0,2026-09-14T15:08:27
2026-08-15 12:00:00,era5,760.0,2026-09-14T14:28:17
2026-08-15 13:00:00,analysis,950.0,2026-09-14T15:08:27
2026-08-15 13:00:00,era5,835.0,2026-09-14T14:28:17
2026-08-15 14:00:00,analysis,962.0,2026-09-14T15:08:27
2026-08-15 14:00:00,era5,887.0,2026-09-14T14:28:17
2026-08-15 15:00:00,analysis,899.0,2026-09-14T15:08:27
2026-08-15 15:00:00,era5,816.0,2026-09-14T14:28:17
2026-08-15 16:00:00,analysis,767.0,2026-09-14T15:08:27
2026-08-15 16:00:00,era5,705.0,2026-09-14T14:28:17
2026-08-15 17:00:00,analysis,578.0,2026-09-14T15:08:27
2026-08-15 17:00:00,era5,518.0,2026-09-14T14:28:17
2026-08-16 09:00:00,analysis,198.0,2026-09-14T15:08:27
2026-08-16 09:00:00,era5,188.0,2026-09-14T14:28:17
2026-08-16 10:00:00,analysis,454.0,2026-09-14T15:08:27
2026-08-16 10:00:00,era5,314.0,2026-09-14T14:28:17
2026-08-16 11:00:00,analysis,592.0,2026-09-14T15:08:27
2026-08-16 11:00:00,era5,586.0,2026-09-14T14:28:17
2026-08-16 12:00:00,analysis,756.0,2026-09-14T15:08:27
2026-08-16 12:00:00,era5,670.0,2026-09-14T14:28:17
2026-08-16 13:00:00,analysis,855.0,2026-09-14T15:08:27
2026-08-16 13:00:00,era5,626.0,2026-09-14T14:28:17
2026-08-16 14:00:00,analysis,878.0,2026-09-14T15:08:27
2026-08-16 14:00:00,era5,789.0,2026-09-14T14:28:17
2026-08-16 15:00:00,analysis,817.0,2026-09-14T15:08:27
2026-08-16 15:00:00,era5,821.0,2026-09-14T14:28:17
2026-08-16 16:00:00,analysis,697.0,2026-09-14T15:08:27
2026-08-16 16:00:00,era5,664.0,2026-09-14T14:28:17
2026-08-16 17:00:00,analysis,571.0,2026-09-14T15:08:27
2026-08-16 17:00:00,era5,415.0,2026-09-14T14:28:17
2026-08-17 09:00:00,analysis,262.0,2026-09-14T15:08:27
2026-08-17 09:00:00,era5,213.0,2026-09-14T14:28:17
2026-08-17 10:00:00,analysis,471.0,2026-09-14T15:08:27
2026-08-17 10:00:00,era5,411.0,2026-09-14T14:28:17
2026-08-17 11:00:00,analysis,711.0,2026-09-14T15:08:27
2026-08-17 11:00:00,era5,641.0,2026-09-14T14:28:17
2026-08-17 12:00:00,analysis,869.0,2026-09-14T15:08:27
2026-08-17 12:00:00,era5,801.0,2026-09-14T14:28:17
2026-08-17 13:00:00,analysis,891.0,2026-09-14T15:08:27
2026-08-17 13:00:00,era5,728.0,2026-09-14T14:28:17
2026-08-17 14:00:00,analysis,894.0,2026-09-14T15:08:27
2026-08-17 14:00:00,era5,822.0,2026-09-14T14:28:17
2026-08-17 15:00:00,analysis,798.0,2026-09-14T15:08:27
2026-08-17 15:00:00,era5,778.0,2026-09-14T14:28:17
2026-08-17 16:00:00,analysis,728.0,2026-09-14T15:08:27
2026-08-17 16:00:00,era5,598.0,2026-09-14T14:28:17
2026-08-17 17:00:00,analysis,569.0,2026-09-14T15:08:27
2026-08-17 17:00:00,era5,438.0,2026-09-14T14:28:17
2026-08-18 09:00:00,analysis,269.0,2026-09-14T15:08:27
2026-08-18 09:00:00,era5,216.0,2026-09-14T14:28:17
2026-08-18 10:00:00,analysis,482.0,2026-09-14T15:08:27
2026-08-18 10:00:00,era5,378.0,2026-09-14T14:28:17
2026-08-18 11:00:00,analysis,718.0,2026-09-14T15:08:27
2026-08-18 11:00:00,era5,581.0,2026-09-14T14:28:17
2026-08-18 12:00:00,analysis,869.0,2026-09-14T15:08:27
2026-08-18 12:00:00,era5,663.0,2026-09-14T14:28:17
2026-08-18 13:00:00,analysis,954.0,2026-09-14T15:08:27
2026-08-18 13:00:00,era5,728.0,2026-09-14T14:28:17
2026-08-18 14:00:00,analysis,966.0,2026-09-14T15:08:27
2026-08-18 14:00:00,era5,815.0,2026-09-14T14:28:17
2026-08-18 15:00:00,analysis,902.0,2026-09-14T15:08:27
2026-08-18 15:00:00,era5,754.0,2026-09-14T14:28:17
2026-08-18 16:00:00,analysis,768.0,2026-09-14T15:08:27
2026-08-18 16:00:00,era5,671.0,2026-09-14T14:28:17
2026-08-18 17:00:00,analysis,576.0,2026-09-14T15:08:27
2026-08-18 17:00:00,era5,504.0,2026-09-14T14:28:17
2026-08-19 09:00:00,analysis,252.0,2026-09-14T15:08:27
2026-08-19 09:00:00,era5,201.0,2026-09-14T14:28:17
2026-08-19 10:00:00,analysis,393.0,2026-09-14T15:08:27
2026-08-19 10:00:00,era5,435.0,2026-09-14T14:28:17
2026-08-19 11:00:00,analysis,634.0,2026-09-14T15:08:27
2026-08-19 11:00:00,era5,624.0,2026-09-14T14:28:17
2026-08-19 12:00:00,analysis,854.0,2026-09-14T15:08:27
2026-08-19 12:00:00,era5,754.0,2026-09-14T14:28:17
2026-08-19 13:00:00,analysis,887.0,2026-09-14T15:08:27
2026-08-19 13:00:00,era5,863.0,2026-09-14T14:28:17
2026-08-19 14:00:00,analysis,796.0,2026-09-14T15:08:27
2026-08-19 14:00:00,era5,883.0,2026-09-14T14:28:17
2026-08-19 15:00:00,analysis,620.0,2026-09-14T15:08:27
2026-08-19 15:00:00,era5,792.0,2026-09-14T14:28:17
2026-08-19 16:00:00,analysis,757.0,2026-09-14T15:08:27
2026-08-19 16:00:00,era5,673.0,2026-09-14T14:28:17
2026-08-19 17:00:00,analysis,520.0,2026-09-14T15:08:27
2026-08-19 17:00:00,era5,468.0,2026-09-14T14:28:17
2026-08-20 09:00:00,analysis,176.0,2026-09-14T15:08:27
2026-08-20 09:00:00,era5,188.0,2026-09-14T14:28:17
2026-08-20 10:00:00,analysis,391.0,2026-09-14T15:08:27
2026-08-20 10:00:00,era5,358.0,2026-09-14T14:28:17
2026-08-20 11:00:00,analysis,538.0,2026-09-14T15:08:27
2026-08-20 11:00:00,era5,519.0,2026-09-14T14:28:17
2026-08-20 12:00:00,analysis,728.0,2026-09-14T15:08:27
2026-08-20 12:00:00,era5,723.0,2026-09-14T14:28:17
2026-08-20 13:00:00,analysis,859.0,2026-09-14T15:08:27
2026-08-20 13:00:00,era5,847.0,2026-09-14T14:28:17
2026-08-20 14:00:00,analysis,854.0,2026-09-14T15:08:27
2026-08-20 14:00:00,era5,850.0,2026-09-14T14:28:17
2026-08-20 15:00:00,analysis,850.0,2026-09-14T15:08:27
2026-08-20 15:00:00,era5,777.0,2026-09-14T14:28:17
2026-08-20 16:00:00,analysis,717.0,2026-09-14T15:08:27
2026-08-20 16:00:00,era5,588.0,2026-09-14T14:28:17
2026-08-21 09:00:00,analysis,284.0,2026-09-14T15:08:27
2026-08-21 09:00:00,era5,207.0,2026-09-14T14:28:17
2026-08-21 10:00:00,analysis,522.0,2026-09-14T15:08:27
2026-08-21 10:00:00,era5,415.0,2026-09-14T14:28:17
2026-08-21 11:00:00,analysis,731.0,2026-09-14T15:08:27
2026-08-21 11:00:00,era5,642.0,2026-09-14T14:28:17
2026-08-21 12:00:00,analysis,884.0,2026-09-14T15:08:27
2026-08-21 12:00:00,era5,791.0,2026-09-14T14:28:17
2026-08-21 13:00:00,analysis,973.0,2026-09-14T15:08:27
2026-08-21 13:00:00,era5,870.0,2026-09-14T14:28:17
2026-08-21 14:00:00,analysis,984.0,2026-09-14T15:08:27
2026-08-21 14:00:00,era5,858.0,2026-09-14T14:28:17
2026-08-21 15:00:00,analysis,919.0,2026-09-14T15:08:27
2026-08-21 15:00:00,era5,770.0,2026-09-14T14:28:17
2026-08-21 16:00:00,analysis,782.0,2026-09-14T15:08:27
2026-08-21 16:00:00,era5,671.0,2026-09-14T14:28:17
2026-08-21 17:00:00,analysis,589.0,2026-09-14T15:08:27
2026-08-21 17:00:00,era5,514.0,2026-09-14T14:28:17
2026-08-22 09:00:00,analysis,288.0,2026-09-14T15:08:27
2026-08-22 09:00:00,era5,209.0,2026-09-14T14:28:17
2026-08-22 10:00:00,analysis,531.0,2026-09-14T15:08:27
2026-08-22 10:00:00,era5,455.0,2026-09-14T14:28:17
2026-08-22 11:00:00,analysis,741.0,2026-09-14T15:08:27
2026-08-22 11:00:00,era5,665.0,2026-09-14T14:28:17
2026-08-22 12:00:00,analysis,895.0,2026-09-14T15:08:27
2026-08-22 12:00:00,era5,834.0,2026-09-14T14:28:17
2026-08-22 13:00:00,analysis,980.0,2026-09-14T15:08:27
2026-08-22 13:00:00,era5,932.0,2026-09-14T14:28:17
2026-08-22 14:00:00,analysis,988.0,2026-09-14T15:08:27
2026-08-22 14:00:00,era5,949.0,2026-09-14T14:28:17
2026-08-22 15:00:00,analysis,925.0,2026-09-14T15:08:27
2026-08-22 15:00:00,era5,881.0,2026-09-14T14:28:17
2026-08-22 16:00:00,analysis,792.0,2026-09-14T15:08:27
2026-08-22 16:00:00,era5,740.0,2026-09-14T14:28:17
2026-08-22 17:00:00,analysis,598.0,2026-09-14T15:08:27
2026-08-22 17:00:00,era5,539.0,2026-09-14T14:28:17
2026-08-23 09:00:00,analysis,254.0,2026-09-14T15:08:27
2026-08-23 09:00:00,era5,221.0,2026-09-14T14:28:17
2026-08-23 10:00:00,analysis,493.0,2026-09-14T15:08:27
2026-08-23 10:00:00,era5,448.0,2026-09-14T14:28:17
2026-08-23 11:00:00,analysis,708.0,2026-09-14T15:08:27
2026-08-23 11:00:00,era5,625.0,2026-09-14T14:28:17
2026-08-23 12:00:00,analysis,850.0,2026-09-14T15:08:27
2026-08-23 12:00:00,era5,811.0,2026-09-14T14:28:17
2026-08-23 13:00:00,analysis,923.0,2026-09-14T15:08:27
2026-08-23 13:00:00,era5,830.0,2026-09-14T14:28:17
2026-08-23 14:00:00,analysis,938.0,2026-09-14T15:08:27
2026-08-23 14:00:00,era5,893.0,2026-09-14T14:28:17
2026-08-23 15:00:00,analysis,839.0,2026-09-14T15:08:27
2026-08-23 15:00:00,era5,783.0,2026-09-14T14:28:17
2026-08-23 16:00:00,analysis,771.0,2026-09-14T15:08:27
2026-08-23 16:00:00,era5,699.0,2026-09-14T14:28:17
2026-08-23 17:00:00,analysis,574.0,2026-09-14T15:08:27
2026-08-23 17:00:00,era5,507.0,2026-09-14T14:28:17
2026-08-24 09:00:00,analysis,249.0,2026-09-14T15:08:27
2026-08-24 09:00:00,era5,230.0,2026-09-14T14:28:17
2026-08-24 10:00:00,analysis,484.0,2026-09-14T15:08:27
2026-08-24 10:00:00,era5,454.0,2026-09-14T14:28:17
2026-08-24 11:00:00,analysis,683.0,2026-09-14T15:08:27
2026-08-24 11:00:00,era5,673.0,2026-09-14T14:28:17
2026-08-24 12:00:00,analysis,816.0,2026-09-14T15:08:27
2026-08-24 12:00:00,era5,815.0,2026-09-14T14:28:17
2026-08-24 13:00:00,analysis,948.0,2026-09-14T15:08:27
2026-08-24 13:00:00,era5,887.0,2026-09-14T14:28:17
2026-08-24 14:00:00,analysis,976.0,2026-09-14T15:08:27
2026-08-24 14:00:00,era5,846.0,2026-09-14T14:28:17
2026-08-24 15:00:00,analysis,914.0,2026-09-14T15:08:27
2026-08-24 15:00:00,era5,817.0,2026-09-14T14:28:17
2026-08-24 16:00:00,analysis,778.0,2026-09-14T15:08:27
2026-08-24 16:00:00,era5,701.0,2026-09-14T14:28:17
2026-08-24 17:00:00,analysis,584.0,2026-09-14T15:08:27
2026-08-24 17:00:00,era5,502.0,2026-09-14T14:28:17
2026-08-25 09:00:00,analysis,226.0,2026-09-14T15:08:27
2026-08-25 09:00:00,era5,207.0,2026-09-14T14:28:17
2026-08-25 10:00:00,analysis,448.0,2026-09-14T15:08:27
2026-08-25 10:00:00,era5,420.0,2026-09-14T14:28:17
2026-08-25 11:00:00,analysis,647.0,2026-09-14T15:08:27
2026-08-25 11:00:00,era5,621.0,2026-09-14T14:28:17
2026-08-25 12:00:00,analysis,808.0,2026-09-14T15:08:27
2026-08-25 12:00:00,era5,721.0,2026-09-14T14:28:17
2026-08-25 13:00:00,analysis,934.0,2026-09-14T15:08:27
2026-08-25 13:00:00,era5,826.0,2026-09-14T14:28:17
2026-08-25 14:00:00,analysis,932.0,2026-09-14T15:08:27
2026-08-25 14:00:00,era5,776.0,2026-09-14T14:28:17
2026-08-25 15:00:00,analysis,906.0,2026-09-14T15:08:27
2026-08-25 15:00:00,era5,769.0,2026-09-14T14:28:17
2026-08-25 16:00:00,analysis,730.0,2026-09-14T15:08:27
2026-08-25 16:00:00,era5,635.0,2026-09-14T14:28:17
2026-08-25 17:00:00,analysis,547.0,2026-09-14T15:08:27
2026-08-25 17:00:00,era5,504.0,2026-09-14T14:28:17
2026-08-26 09:00:00,analysis,285.0,2026-09-14T15:08:27
2026-08-26 09:00:00,era5,153.0,2026-09-14T14:28:17
2026-08-26 10:00:00,analysis,527.0,2026-09-14T15:08:27
2026-08-26 10:00:00,era5,435.0,2026-09-14T14:28:17
2026-08-26 11:00:00,analysis,729.0,2026-09-14T15:08:27
2026-08-26 11:00:00,era5,633.0,2026-09-14T14:28:17
2026-08-26 12:00:00,analysis,866.0,2026-09-14T15:08:27
2026-08-26 12:00:00,era5,638.0,2026-09-14T14:28:17
2026-08-26 13:00:00,analysis,949.0,2026-09-14T15:08:27
2026-08-26 13:00:00,era5,839.0,2026-09-14T14:28:17
2026-08-26 14:00:00,analysis,971.0,2026-09-14T15:08:27
2026-08-26 14:00:00,era5,815.0,2026-09-14T14:28:17
2026-08-26 15:00:00,analysis,906.0,2026-09-14T15:08:27
2026-08-26 15:00:00,era5,688.0,2026-09-14T14:28:17
2026-08-26 16:00:00,analysis,756.0,2026-09-14T15:08:27
2026-08-26 16:00:00,era5,450.0,2026-09-14T14:28:17
2026-08-26 17:00:00,analysis,443.0,2026-09-14T15:08:27
2026-08-26 17:00:00,era5,312.0,2026-09-14T14:28:17
2026-08-27 09:00:00,analysis,284.0,2026-09-14T15:08:27
2026-08-27 09:00:00,era5,157.0,2026-09-14T14:28:17
2026-08-27 10:00:00,analysis,527.0,2026-09-14T15:08:27
2026-08-27 10:00:00,era5,425.0,2026-09-14T14:28:17
2026-08-27 11:00:00,analysis,734.0,2026-09-14T15:08:27
2026-08-27 11:00:00,era5,660.0,2026-09-14T14:28:17
2026-08-27 12:00:00,analysis,885.0,2026-09-14T15:08:27
2026-08-27 12:00:00,era5,813.0,2026-09-14T14:28:17
2026-08-27 13:00:00,analysis,969.0,2026-09-14T15:08:27
2026-08-27 13:00:00,era5,894.0,2026-09-14T14:28:17
2026-08-27 14:00:00,analysis,976.0,2026-09-14T15:08:27
2026-08-27 14:00:00,era5,892.0,2026-09-14T14:28:17
2026-08-27 15:00:00,analysis,909.0,2026-09-14T15:08:27
2026-08-27 15:00:00,era5,822.0,2026-09-14T14:28:17
2026-08-27 16:00:00,analysis,773.0,2026-09-14T15:08:27
2026-08-27 16:00:00,era5,690.0,2026-09-14T14:28:17
2026-08-27 17:00:00,analysis,575.0,2026-09-14T15:08:27
2026-08-27 17:00:00,era5,510.0,2026-09-14T14:28:17
2026-08-28 09:00:00,analysis,293.0,2026-09-14T15:08:27
2026-08-28 09:00:00,era5,213.0,2026-09-14T14:28:17
2026-08-28 10:00:00,analysis,530.0,2026-09-14T15:08:27
2026-08-28 10:00:00,era5,384.0,2026-09-14T14:28:17
2026-08-28 11:00:00,analysis,736.0,2026-09-14T15:08:27
2026-08-28 11:00:00,era5,524.0,2026-09-14T14:28:17
2026-08-28 12:00:00,analysis,886.0,2026-09-14T15:08:27
2026-08-28 12:00:00,era5,687.0,2026-09-14T14:28:17
2026-08-28 13:00:00,analysis,958.0,2026-09-14T15:08:27
2026-08-28 13:00:00,era5,854.0,2026-09-14T14:28:17
2026-08-28 14:00:00,analysis,892.0,2026-09-14T15:08:27
2026-08-28 14:00:00,era5,806.0,2026-09-14T14:28:17
2026-08-28 15:00:00,analysis,827.0,2026-09-14T15:08:27
2026-08-28 15:00:00,era5,686.0,2026-09-14T14:28:17
2026-08-28 16:00:00,analysis,723.0,2026-09-14T15:08:27
2026-08-28 16:00:00,era5,638.0,2026-09-14T14:28:17
2026-08-28 17:00:00,analysis,570.0,2026-09-14T15:08:27
2026-08-28 17:00:00,era5,483.0,2026-09-14T14:28:17
2026-08-29 09:00:00,analysis,294.0,2026-09-14T15:08:27
2026-08-29 09:00:00,era5,212.0,2026-09-14T14:28:17
2026-08-29 10:00:00,analysis,532.0,2026-09-14T15:08:27
2026-08-29 10:00:00,era5,434.0,2026-09-14T14:28:17
2026-08-29 11:00:00,analysis,738.0,2026-09-14T15:08:27
2026-08-29 11:00:00,era5,657.0,2026-09-14T14:28:17
2026-08-29 12:00:00,analysis,847.0,2026-09-14T15:08:27
2026-08-29 12:00:00,era5,789.0,2026-09-14T14:28:17
2026-08-29 13:00:00,analysis,857.0,2026-09-14T15:08:27
2026-08-29 13:00:00,era5,856.0,2026-09-14T14:28:17
2026-08-29 14:00:00,analysis,874.0,2026-09-14T15:08:27
2026-08-29 14:00:00,era5,866.0,2026-09-14T14:28:17
2026-08-29 15:00:00,analysis,904.0,2026-09-14T15:08:27
2026-08-29 15:00:00,era5,793.0,2026-09-14T14:28:17
2026-08-29 16:00:00,analysis,761.0,2026-09-14T15:08:27
2026-08-29 16:00:00,era5,680.0,2026-09-14T14:28:17
2026-08-29 17:00:00,analysis,577.0,2026-09-14T15:08:27
2026-08-29 17:00:00,era5,492.0,2026-09-14T14:28:17
2026-08-30 09:00:00,analysis,250.0,2026-09-14T15:08:27
2026-08-30 09:00:00,era5,62.0,2026-09-14T14:28:17
2026-08-30 10:00:00,analysis,484.0,2026-09-14T15:08:27
2026-08-30 10:00:00,era5,183.0,2026-09-14T14:28:17
2026-08-30 11:00:00,analysis,701.0,2026-09-14T15:08:27
2026-08-30 11:00:00,era5,500.0,2026-09-14T14:28:17
2026-08-30 12:00:00,analysis,844.0,2026-09-14T15:08:27
2026-08-30 12:00:00,era5,507.0,2026-09-14T14:28:17
2026-08-30 13:00:00,analysis,972.0,2026-09-14T15:08:27
2026-08-30 13:00:00,era5,737.0,2026-09-14T14:28:17
2026-08-30 14:00:00,analysis,964.0,2026-09-14T15:08:27
2026-08-30 14:00:00,era5,858.0,2026-09-14T14:28:17
2026-08-30 15:00:00,analysis,881.0,2026-09-14T15:08:27
2026-08-30 15:00:00,era5,742.0,2026-09-14T14:28:17
2026-08-30 16:00:00,analysis,768.0,2026-09-14T15:08:27
2026-08-30 16:00:00,era5,651.0,2026-09-14T14:28:17
2026-08-30 17:00:00,analysis,574.0,2026-09-14T15:08:27
2026-08-30 17:00:00,era5,505.0,2026-09-14T14:28:17
2026-08-31 09:00:00,analysis,235.0,2026-09-14T15:08:27
2026-08-31 09:00:00,era5,100.0,2026-09-14T14:28:17
2026-08-31 10:00:00,analysis,525.0,2026-09-14T15:08:27
2026-08-31 10:00:00,era5,152.0,2026-09-14T14:28:17
2026-08-31 11:00:00,analysis,743.0,2026-09-14T15:08:27
2026-08-31 11:00:00,era5,252.0,2026-09-14T14:28:17
2026-08-31 12:00:00,analysis,894.0,2026-09-14T15:08:27
2026-08-31 12:00:00,era5,396.0,2026-09-14T14:28:17
2026-08-31 13:00:00,analysis,977.0,2026-09-14T15:08:27
2026-08-31 13:00:00,era5,534.0,2026-09-14T14:28:17
2026-08-31 14:00:00,analysis,982.0,2026-09-14T15:08:27
2026-08-31 14:00:00,era5,682.0,2026-09-14T14:28:17
2026-08-31 15:00:00,analysis,914.0,2026-09-14T15:08:27
2026-08-31 15:00:00,era5,630.0,2026-09-14T14:28:17
2026-08-31 16:00:00,analysis,774.0,2026-09-14T15:08:27
2026-08-31 16:00:00,era5,454.0,2026-09-14T14:28:17
2026-08-31 17:00:00,analysis,561.0,2026-09-14T15:08:27
2026-08-31 17:00:00,era5,378.0,2026-09-14T14:28:17
2026-09-01 09:00:00,analysis,298.0,2026-09-14T15:08:27
2026-09-01 09:00:00,era5,221.0,2026-09-14T14:28:17
2026-09-01 10:00:00,analysis,538.0,2026-09-14T15:08:27
2026-09-01 10:00:00,era5,442.0,2026-09-14T14:28:17
2026-09-01 11:00:00,analysis,745.0,2026-09-14T15:08:27
2026-09-01 11:00:00,era5,600.0,2026-09-14T14:28:17
2026-09-01 12:00:00,analysis,891.0,2026-09-14T15:08:27
2026-09-01 12:00:00,era5,729.0,2026-09-14T14:28:17
2026-09-01 13:00:00,analysis,975.0,2026-09-14T15:08:27
2026-09-01 13:00:00,era5,753.0,2026-09-14T14:28:17
2026-09-01 14:00:00,analysis,980.0,2026-09-14T15:08:27
2026-09-01 14:00:00,era5,900.0,2026-09-14T14:28:17
2026-09-01 15:00:00,analysis,912.0,2026-09-14T15:08:27
2026-09-01 15:00:00,era5,823.0,2026-09-14T14:28:17
2026-09-01 16:00:00,analysis,773.0,2026-09-14T15:08:27
2026-09-01 16:00:00,era5,612.0,2026-09-14T14:28:17
2026-09-01 17:00:00,analysis,576.0,2026-09-14T15:08:27
2026-09-01 17:00:00,era5,425.0,2026-09-14T14:28:17
2026-09-02 09:00:00,analysis,302.0,2026-09-14T15:08:27
2026-09-02 09:00:00,era5,240.0,2026-09-14T14:28:17
2026-09-02 10:00:00,analysis,544.0,2026-09-14T15:08:27
2026-09-02 10:00:00,era5,457.0,2026-09-14T14:28:17
2026-09-02 11:00:00,analysis,752.0,2026-09-14T15:08:27
2026-09-02 11:00:00,era5,653.0,2026-09-14T14:28:17
2026-09-02 12:00:00,analysis,905.0,2026-09-14T15:08:27
2026-09-02 12:00:00,era5,791.0,2026-09-14T14:28:17
2026-09-02 13:00:00,analysis,989.0,2026-09-14T15:08:27
2026-09-02 13:00:00,era5,796.0,2026-09-14T14:28:17
2026-09-02 14:00:00,analysis,995.0,2026-09-14T15:08:27
2026-09-02 14:00:00,era5,862.0,2026-09-14T14:28:17
2026-09-02 15:00:00,analysis,918.0,2026-09-14T15:08:27
2026-09-02 15:00:00,era5,829.0,2026-09-14T14:28:17
2026-09-02 16:00:00,analysis,784.0,2026-09-14T15:08:27
2026-09-02 16:00:00,era5,690.0,2026-09-14T14:28:17
2026-09-02 17:00:00,analysis,586.0,2026-09-14T15:08:27
2026-09-02 17:00:00,era5,511.0,2026-09-14T14:28:17
2026-09-03 09:00:00,analysis,309.0,2026-09-14T15:08:27
2026-09-03 09:00:00,era5,238.0,2026-09-14T14:28:17
2026-09-03 10:00:00,analysis,553.0,2026-09-14T15:08:27
2026-09-03 10:00:00,era5,443.0,2026-09-14T14:28:17
2026-09-03 11:00:00,analysis,762.0,2026-09-14T15:08:27
2026-09-03 11:00:00,era5,652.0,2026-09-14T14:28:17
2026-09-03 12:00:00,analysis,913.0,2026-09-14T15:08:27
2026-09-03 12:00:00,era5,814.0,2026-09-14T14:28:17
2026-09-03 13:00:00,analysis,994.0,2026-09-14T15:08:27
2026-09-03 13:00:00,era5,896.0,2026-09-14T14:28:17
2026-09-03 14:00:00,analysis,998.0,2026-09-14T15:08:27
2026-09-03 14:00:00,era5,901.0,2026-09-14T14:28:17
2026-09-03 15:00:00,analysis,931.0,2026-09-14T15:08:27
2026-09-03 15:00:00,era5,829.0,2026-09-14T14:28:17
2026-09-03 16:00:00,analysis,795.0,2026-09-14T15:08:27
2026-09-03 16:00:00,era5,663.0,2026-09-14T14:28:17
2026-09-03 17:00:00,analysis,595.0,2026-09-14T15:08:27
2026-09-03 17:00:00,era5,509.0,2026-09-14T14:28:17
2026-09-04 09:00:00,analysis,309.0,2026-09-14T15:08:27
2026-09-04 09:00:00,era5,241.0,2026-09-14T14:28:17
2026-09-04 10:00:00,analysis,554.0,2026-09-14T15:08:27
2026-09-04 10:00:00,era5,446.0,2026-09-14T14:28:17
2026-09-04 11:00:00,analysis,762.0,2026-09-14T15:08:27
2026-09-04 11:00:00,era5,616.0,2026-09-14T14:28:17
2026-09-04 12:00:00,analysis,914.0,2026-09-14T15:08:27
2026-09-04 12:00:00,era5,771.0,2026-09-14T14:28:17
2026-09-04 13:00:00,analysis,996.0,2026-09-14T15:08:27
2026-09-04 13:00:00,era5,881.0,2026-09-14T14:28:17
2026-09-04 14:00:00,analysis,1000.0,2026-09-14T15:08:27
2026-09-04 14:00:00,era5,904.0,2026-09-14T14:28:17
2026-09-04 15:00:00,analysis,927.0,2026-09-14T15:08:27
2026-09-04 15:00:00,era5,793.0,2026-09-14T14:28:17
2026-09-04 16:00:00,analysis,784.0,2026-09-14T15:08:27
2026-09-04 16:00:00,era5,683.0,2026-09-14T14:28:17
2026-09-04 17:00:00,analysis,582.0,2026-09-14T15:08:27
2026-09-04 17:00:00,era5,507.0,2026-09-14T14:28:17
2026-09-05 09:00:00,analysis,312.0,2026-09-14T15:08:27
2026-09-05 09:00:00,era5,242.0,2026-09-14T14:28:17
2026-09-05 10:00:00,analysis,557.0,2026-09-14T15:08:27
2026-09-05 10:00:00,era5,465.0,2026-09-14T14:28:17
2026-09-05 11:00:00,analysis,758.0,2026-09-14T15:08:27
2026-09-05 11:00:00,era5,667.0,2026-09-14T14:28:17
2026-09-05 12:00:00,analysis,917.0,2026-09-14T15:08:27
2026-09-05 12:00:00,era5,803.0,2026-09-14T14:28:17
2026-09-05 13:00:00,analysis,998.0,2026-09-14T15:08:27
2026-09-05 13:00:00,era5,879.0,2026-09-14T14:28:17
2026-09-05 14:00:00,analysis,1003.0,2026-09-14T15:08:27
2026-09-05 14:00:00,era5,886.0,2026-09-14T14:28:17
2026-09-05 15:00:00,analysis,929.0,2026-09-14T15:08:27
2026-09-05 15:00:00,era5,828.0,2026-09-14T14:28:17
2026-09-05 16:00:00,analysis,783.0,2026-09-14T15:08:27
2026-09-05 16:00:00,era5,690.0,2026-09-14T14:28:17
2026-09-05 17:00:00,analysis,582.0,2026-09-14T15:08:27
2026-09-05 17:00:00,era5,497.0,2026-09-14T14:28:17
2026-09-14 16:00:00,analysis,704.0,2026-09-14T15:05:21
2026-09-14 17:00:00,analysis,449.0,2026-09-14T15:05:21
2026-09-14 18:00:00,analysis,323.0,2026-09-14T15:05:21
2026-09-14 19:00:00,analysis,82.0,2026-09-14T15:05:21
2026-09-15 13:00:00,analysis,1007.0,2026-09-15T11:34:58
2026-09-15 14:00:00,analysis,1005.0,2026-09-15T11:34:58
2026-09-15 15:00:00,analysis,926.0,2026-09-15T11:34:58
2026-09-15 16:00:00,analysis,781.0,2026-09-15T11:34:58
